{
  "ownerName": "Abhishek Goyal",
  "ownerEmail": "abhigoyal.er@gmail.com",
  "ownerLinkedIn": "https://www.linkedin.com/in/abhigoyal1/",
  "siteTitle": "SAP Tech & Free Courses \u2014 Auto-Updated",
  "tagline": "Latest SAP technology news and hand-picked free courses, updated daily.",
  "sources": {
    "newsFeeds": [
      "https://news.sap.com/feed/",
      "https://blogs.sap.com/feed/"
    ],
    "openSAP": "https://open.sap.com/",
    "courseraSearch": "https://www.coursera.org/search?query=SAP&price=Free",
    "edxSearch": "https://www.edx.org/search?q=SAP&price=Free"
  }
}